{"cameraMode":{"drawMode":0,"name":"Shaded","section":"Shading Mode"},"sceneLighting":true,"audioPlay":false,"sceneViewState":{"showFog":true,"showMaterialUpdate":false,"showSkybox":true,"showFlares":true,"showImageEffects":true,"showParticleSystems":true},"in2DMode":false,"pivot":{"x":381.0050048828125,"y":237.38925170898438,"z":17.390625},"rotation":{"x":-0.022797906771302224,"y":-0.029391126707196237,"z":0.0006711333408020437,"w":-0.9993163347244263},"size":285.1948547363281,"orthographic":false}